Workbook

Sheet Cover
A1: BILL OF QUANTITIES (BOQ)
A3: Project Name: | B3: Riyadh Business Tower - Phase 1
A4: Project Code: | B4: RBT-2025-001
A5: Client: | B5: Al-Faisal Holdings Ltd.
A6: Contractor: | B6: Najd Construction Co.
A7: Location: | B7: King Fahd Road, Riyadh, KSA
A8: Contract Date: | B8: 15-Feb-2025
A9: Duration: | B9: 24 months
A10: Currency: | B10: Saudi Riyal (SAR)
A11: Total Contract Value: | B11: SAR 187,450,000
A12: Document Version: | B12: Rev. 3 - Final

Sheet BOQ_Items
A1: Item No. | B1: Description | C1: Unit | D1: Quantity | E1: Unit Rate (SAR) | F1: Total Amount (SAR) | G1: Category
A2: 1.01 | B2: Site clearance and removal of existing structures | C2: LS | D2: 1 | E2: 850000 | F2: =D2*E2 -> 850000 | G2: Site Works
A3: 1.02 | B3: Excavation for foundations up to 8m depth | C3: m3 | D3: 12500 | E3: 145 | F3: =D3*E3 -> 1812500 | G3: Site Works
A4: 1.03 | B4: Dewatering during excavation works | C4: month | D4: 18 | E4: 95000 | F4: =D4*E4 -> 1710000 | G4: Site Works
A5: 2.01 | B5: Reinforced concrete for raft foundation, Grade C40 | C5: m3 | D5: 4200 | E5: 1850 | F5: =D5*E5 -> 7770000 | G5: Concrete & Foundation
A6: 2.02 | B6: Steel reinforcement bars Grade 60, supply & install | C6: ton | D6: 1850 | E6: 4250 | F6: =D6*E6 -> 7862500 | G6: Concrete & Foundation
A7: 2.03 | B7: Concrete for columns and shear walls, Grade C50 | C7: m3 | D7: 3650 | E7: 2100 | F7: =D7*E7 -> 7665000 | G7: Concrete & Foundation
A8: 2.04 | B8: Concrete slabs (post-tensioned), Grade C45 | C8: m3 | D8: 5400 | E8: 2450 | F8: =D8*E8 -> 13230000 | G8: Concrete & Foundation
A9: 3.01 | B9: Structural steel framework (roof and atrium) | C9: ton | D9: 480 | E9: 12500 | F9: =D9*E9 -> 6000000 | G9: Structural & Facade
A10: 3.02 | B10: Curtain wall glazing system, double glazed low-E | C10: m2 | D10: 18500 | E10: 1850 | F10: =D10*E10 -> 34225000 | G10: Structural & Facade
A11: 3.03 | B11: Aluminum cladding panels with insulation | C11: m2 | D11: 6200 | E11: 1250 | F11: =D11*E11 -> 7750000 | G11: Structural & Facade
A12: 4.01 | B12: MEP - HVAC central chiller plant (3000 TR) | C12: LS | D12: 1 | E12: 14250000 | F12: =D12*E12 -> 14250000 | G12: MEP
A13: 4.02 | B13: MEP - Electrical main switchgear and transformers | C13: LS | D13: 1 | E13: 8650000 | F13: =D13*E13 -> 8650000 | G13: MEP
... A26: 7.02 | B26: Insurance, bonds and statutory permits | C26: LS | D26: 1 | E26: 1250000 | F26: =D26*E26 -> 1250000 | G26: Preliminaries
A27: TOTAL | F27: =SUM(F2:F26) -> 199005500

Sheet Summary
A1: SUMMARY BY CATEGORY
A3: Category | B3: Total (SAR) | C3: % of Project
A4: Site Works | B4: =SUMIF(BOQ_Items!G:G,"Site Works",BOQ_Items!F:F) -> 4372500 | C4: =B4/$B$11 -> 0.021971755
A5: Concrete & Foundation | B5: =SUMIF(BOQ_Items!G:G,"Concrete & Foundation",BOQ_Items!F:F) -> 36527500 | C5: =B5/$B$11 -> 0.1835502
A6: Structural & Facade | B6: =SUMIF(BOQ_Items!G:G,"Structural & Facade",BOQ_Items!F:F) -> 47975000 | C6: =B6/$B$11 -> 0.24107374
A7: MEP | B7: =SUMIF(BOQ_Items!G:G,"MEP",BOQ_Items!F:F) -> 42975000 | C7: =B7/$B$11 -> 0.21594881
A8: Finishes | B8: =SUMIF(BOQ_Items!G:G,"Finishes",BOQ_Items!F:F) -> 15590500 | C8: =B8/$B$11 -> 0.078342056
A9: External Works | B9: =SUMIF(BOQ_Items!G:G,"External Works",BOQ_Items!F:F) -> 43475000 | C9: =B9/$B$11 -> 0.2184613
A10: Preliminaries | B10: =SUMIF(BOQ_Items!G:G,"Preliminaries",BOQ_Items!F:F) -> 8090000 | C10: =B10/$B$11 -> 0.040652143
A11: GRAND TOTAL | B11: =SUM(B4:B10) -> 199005500 | C11: 1
